{
  "prompt": "alpha beta gamma alpha beta gamma alpha beta",
  "tokens": [
    "alpha",
    " beta",
    " gamma",
    " alpha",
    " beta",
    " gamma",
    " alpha",
    " beta"
  ],
  "processing_depth": [
    21.0,
    20.0,
    22.0,
    21.0,
    21.0,
    24.0,
    21.0,
    21.0
  ],
  "confidence": [
    0.143377885222435,
    0.43758702278137207,
    0.19591392576694489,
    0.300316721200943,
    0.7239412069320679,
    0.11541126668453217,
    0.6549575328826904,
    0.8819140791893005
  ],
  "metadata": {
    "n_layers": 24,
    "seq_len": 8,
    "has_attention": true,
    "has_routing": false
  }
}