{
  "prompt": "Fill in the blank with the correct verb form: 'The keys to the cabinet ___.' Answer:",
  "tokens": [
    "Fill",
    " in",
    " the",
    " blank",
    " with",
    " the",
    " correct",
    " verb",
    " form",
    ":",
    " '",
    "The",
    " keys",
    " to",
    " the",
    " cabinet",
    " ___",
    ".'",
    " Answer",
    ":"
  ],
  "processing_depth": [
    21.0,
    18.0,
    21.0,
    15.0,
    18.0,
    20.0,
    16.0,
    24.0,
    17.0,
    17.0,
    20.0,
    24.0,
    22.0,
    24.0,
    24.0,
    22.0,
    16.0,
    22.0,
    14.0,
    21.0
  ],
  "confidence": [
    0.07653561234474182,
    0.6400572657585144,
    0.12329763919115067,
    0.6455180644989014,
    0.6785228848457336,
    0.5353793501853943,
    0.3100157380104065,
    0.4417746067047119,
    0.43439143896102905,
    0.4592403471469879,
    0.16532979905605316,
    0.026982128620147705,
    0.14681792259216309,
    0.392892986536026,
    0.06592041254043579,
    0.2844138443470001,
    0.2068045437335968,
    0.33575117588043213,
    0.7983757257461548,
    0.6216252446174622
  ],
  "metadata": {
    "n_layers": 24,
    "seq_len": 20,
    "has_attention": true,
    "has_routing": false
  }
}