{
  "prompt": "The trophy would not fit in the suitcase because the suitcase was too",
  "tokens": [
    "The",
    " trophy",
    " would",
    " not",
    " fit",
    " in",
    " the",
    " suitcase",
    " because",
    " the",
    " suitcase",
    " was",
    " too"
  ],
  "processing_depth": [
    21.0,
    21.0,
    18.0,
    24.0,
    19.0,
    18.0,
    20.0,
    24.0,
    24.0,
    24.0,
    20.0,
    20.0,
    18.0
  ],
  "confidence": [
    0.04068118706345558,
    0.14923883974552155,
    0.39451226592063904,
    0.34084683656692505,
    0.19912926852703094,
    0.6275937557220459,
    0.15623009204864502,
    0.12665612995624542,
    0.33231210708618164,
    0.18854095041751862,
    0.4972762167453766,
    0.4523923397064209,
    0.8927034735679626
  ],
  "metadata": {
    "n_layers": 24,
    "seq_len": 13,
    "has_attention": true,
    "has_routing": false
  }
}