{
  "prompt": "Lucas thanked Emma because she shared the notes. The word 'she' refers to",
  "tokens": [
    "Lucas",
    " thanked",
    " Emma",
    " because",
    " she",
    " shared",
    " the",
    " notes",
    ".",
    " The",
    " word",
    " '",
    "she",
    "'",
    " refers",
    " to"
  ],
  "processing_depth": [
    22.0,
    17.0,
    21.0,
    20.0,
    20.0,
    22.0,
    24.0,
    22.0,
    24.0,
    20.0,
    16.0,
    24.0,
    20.0,
    19.0,
    18.0,
    24.0
  ],
  "confidence": [
    0.08236680179834366,
    0.36045175790786743,
    0.5929489731788635,
    0.2906641960144043,
    0.35071128606796265,
    0.3956385850906372,
    0.0601520873606205,
    0.17042963206768036,
    0.14214082062244415,
    0.05257573351264,
    0.2989516258239746,
    0.07413707673549652,
    0.9043141603469849,
    0.2801249325275421,
    0.9446225166320801,
    0.5353526473045349
  ],
  "metadata": {
    "n_layers": 24,
    "seq_len": 16,
    "has_attention": true,
    "has_routing": false
  }
}