{
  "prompt": "cat dog bird cat dog bird cat dog",
  "tokens": [
    "cat",
    " dog",
    " bird",
    " cat",
    " dog",
    " bird",
    " cat",
    " dog"
  ],
  "processing_depth": [
    20.0,
    21.0,
    21.0,
    21.0,
    24.0,
    24.0,
    21.0,
    24.0
  ],
  "confidence": [
    0.039094340056180954,
    0.21700702607631683,
    0.1748473048210144,
    0.49317291378974915,
    0.1886821985244751,
    0.5111037492752075,
    0.8686261177062988,
    0.6679934859275818
  ],
  "metadata": {
    "n_layers": 24,
    "seq_len": 8,
    "has_attention": true,
    "has_routing": false
  }
}