{
  "0": 0.22938352995660374,
  "1": 0.25574597547098726,
  "2": 0.33074804785524203,
  "3": 0.29027097123657164,
  "4": 0.35005378748034366,
  "5": 0.293774409307105,
  "6": 0.297223430497838,
  "7": 0.309365131866607,
  "8": 0.37753023083650644,
  "9": 0.3968409241415613,
  "10": 0.44420967141185125,
  "11": 0.4293508200330812,
  "12": 0.45955207421708955,
  "13": 0.4220251660085282,
  "14": 0.39362071255162256,
  "15": 0.3893965729829026,
  "16": 0.4348235549936085,
  "17": 0.3864116573913958,
  "18": 0.39403318487162625,
  "19": 0.4092016098949107,
  "20": 0.41495054089666583,
  "21": 0.3739098502883942,
  "22": 0.3403509749086566,
  "23": 0.38795247556696066
}