{
  "0": 3.3085014138358684,
  "1": 3.2637609034486497,
  "2": 3.1905686008356775,
  "3": 3.060534142322702,
  "4": 3.1048037240788546,
  "5": 2.997267276789999,
  "6": 3.198650466694284,
  "7": 3.237580324538061,
  "8": 3.213701498273725,
  "9": 3.0611551727424633,
  "10": 3.1127611656109666,
  "11": 3.1112967636929416,
  "12": 3.1942058149498034,
  "13": 3.1540255920781917,
  "14": 3.157736065258762,
  "15": 3.2704809690954946,
  "16": 3.124083498430949,
  "17": 3.2064852250785614,
  "18": 3.2295224546660575,
  "19": 3.2408499090834595,
  "20": 3.249078921759236,
  "21": 3.170547616030392,
  "22": 3.060045982840728,
  "23": 2.9776055818990548
}