{
  "0": 0.15723448896385817,
  "1": 0.20197499935107688,
  "2": 0.27516730196404904,
  "3": 0.4052017604770244,
  "4": 0.3609321787208719,
  "5": 0.4684686260097277,
  "6": 0.26708543610544266,
  "7": 0.22815557826166533,
  "8": 0.2520344045260017,
  "9": 0.40458073005726325,
  "10": 0.35297473718875993,
  "11": 0.35443913910678493,
  "12": 0.27153008784992316,
  "13": 0.3117103107215349,
  "14": 0.3079998375409647,
  "15": 0.19525493370423197,
  "16": 0.3416524043687774,
  "17": 0.25925067772116517,
  "18": 0.23621344813366907,
  "19": 0.22488599371626705,
  "20": 0.21665698104049058,
  "21": 0.2951882867693345,
  "22": 0.4056899199589985,
  "23": 0.48813032090067177
}