{
  "1": 0.4832587706907065,
  "2": 0.47523371789036567,
  "3": 0.8166660015419878,
  "4": 0.6442277017678586,
  "5": 0.7031091136224596,
  "6": 0.6152652927536075,
  "7": 0.47474958859409067,
  "8": 0.3158531297576132,
  "9": 0.7555015989961675,
  "10": 0.4994111563657156,
  "11": 0.7643722859807228,
  "12": 0.6143194287935746,
  "13": 0.5371029342470445,
  "14": 0.7547059280434897,
  "15": 0.4735424138551434,
  "16": 0.7676449728831738,
  "17": 0.6697953632439759,
  "18": 0.7135489892054696,
  "19": 0.4130999977853847,
  "20": 0.38542954317967815,
  "21": 0.7407559524626017,
  "22": 0.7922847113585776,
  "23": 0.7415821854024212
}