{
  "prompt": "Ethan congratulated Hannah because she won the award. The word 'she' refers to",
  "tokens": [
    "E",
    "than",
    " congrat",
    "ulated",
    " Hannah",
    " because",
    " she",
    " won",
    " the",
    " award",
    ".",
    " The",
    " word",
    " '",
    "she",
    "'",
    " refers",
    " to"
  ],
  "processing_depth": [
    24.0,
    22.0,
    22.0,
    20.0,
    24.0,
    20.0,
    19.0,
    17.0,
    21.0,
    24.0,
    22.0,
    24.0,
    16.0,
    24.0,
    20.0,
    19.0,
    18.0,
    24.0
  ],
  "confidence": [
    0.040010612457990646,
    0.4338042736053467,
    0.6235651969909668,
    0.15352235734462738,
    0.19004157185554504,
    0.39828452467918396,
    0.4405973553657532,
    0.5467398166656494,
    0.09218644350767136,
    0.21753396093845367,
    0.19288769364356995,
    0.04521479830145836,
    0.3231360614299774,
    0.32615262269973755,
    0.9715226292610168,
    0.45153307914733887,
    0.9197253584861755,
    0.6098185777664185
  ],
  "metadata": {
    "n_layers": 24,
    "seq_len": 18,
    "has_attention": true,
    "has_routing": false
  }
}