{
  "prompt": "Write the US state in normal headline style: north",
  "tokens": [
    "Write",
    " the",
    " US",
    " state",
    " in",
    " normal",
    " headline",
    " style",
    ":",
    " north"
  ],
  "processing_depth": [
    24.0,
    17.0,
    24.0,
    21.0,
    17.0,
    21.0,
    22.0,
    16.0,
    22.0,
    22.0
  ],
  "confidence": [
    0.12731994688510895,
    0.123225636780262,
    0.048429302871227264,
    0.13953536748886108,
    0.3962409794330597,
    0.30022311210632324,
    0.32883116602897644,
    0.1318080723285675,
    0.11134277284145355,
    0.3135569393634796
  ],
  "metadata": {
    "n_layers": 24,
    "seq_len": 10,
    "has_attention": true,
    "has_routing": false
  }
}