{
  "prompt": "2 5 8 2 5 8 2 5",
  "tokens": [
    "2",
    " ",
    "5",
    " ",
    "8",
    " ",
    "2",
    " ",
    "5",
    " ",
    "8",
    " ",
    "2",
    " ",
    "5"
  ],
  "processing_depth": [
    19.0,
    21.0,
    20.0,
    24.0,
    19.0,
    20.0,
    18.0,
    21.0,
    19.0,
    20.0,
    18.0,
    20.0,
    19.0,
    19.0,
    19.0
  ],
  "confidence": [
    0.1154353991150856,
    0.19872954487800598,
    0.5667725801467896,
    0.12306207418441772,
    0.7148199677467346,
    0.16944976150989532,
    0.8143819570541382,
    0.13050907850265503,
    0.8358588814735413,
    0.38188427686691284,
    0.6491169929504395,
    0.6352970600128174,
    0.8978025913238525,
    0.9285382032394409,
    0.9312530159950256
  ],
  "metadata": {
    "n_layers": 24,
    "seq_len": 15,
    "has_attention": true,
    "has_routing": false
  }
}