{
  "prompt": "The cat could not catch the mouse because the mouse was too fast. The word 'fast' refers to the",
  "tokens": [
    "The",
    " cat",
    " could",
    " not",
    " catch",
    " the",
    " mouse",
    " because",
    " the",
    " mouse",
    " was",
    " too",
    " fast",
    ".",
    " The",
    " word",
    " '",
    "fast",
    "'",
    " refers",
    " to",
    " the"
  ],
  "processing_depth": [
    21.0,
    20.0,
    20.0,
    24.0,
    17.0,
    20.0,
    24.0,
    21.0,
    21.0,
    20.0,
    17.0,
    17.0,
    22.0,
    21.0,
    21.0,
    16.0,
    24.0,
    21.0,
    22.0,
    18.0,
    24.0,
    19.0
  ],
  "confidence": [
    0.04074247181415558,
    0.2728902995586395,
    0.29981353878974915,
    0.15784844756126404,
    0.8215820789337158,
    0.7640401721000671,
    0.1860819160938263,
    0.4413289725780487,
    0.6062902808189392,
    0.648787260055542,
    0.4130123257637024,
    0.6032183766365051,
    0.37648525834083557,
    0.24428895115852356,
    0.4314618408679962,
    0.35019800066947937,
    0.21791096031665802,
    0.9859355688095093,
    0.27589258551597595,
    0.9439523220062256,
    0.459681898355484,
    0.3904275894165039
  ],
  "metadata": {
    "n_layers": 24,
    "seq_len": 22,
    "has_attention": true,
    "has_routing": false
  }
}