{
  "prompt": "Complete the US state in headline style: south",
  "tokens": [
    "Complete",
    " the",
    " US",
    " state",
    " in",
    " headline",
    " style",
    ":",
    " south"
  ],
  "processing_depth": [
    20.0,
    22.0,
    24.0,
    22.0,
    18.0,
    17.0,
    20.0,
    17.0,
    24.0
  ],
  "confidence": [
    0.09751047939062119,
    0.04619862139225006,
    0.09844242036342621,
    0.0825258195400238,
    0.3793591558933258,
    0.21683160960674286,
    0.12346591055393219,
    0.3011188805103302,
    0.04439280182123184
  ],
  "metadata": {
    "n_layers": 24,
    "seq_len": 9,
    "has_attention": true,
    "has_routing": false
  }
}