{
  "prompt": "1 2 3 4 1 2 3 4 1 2 3",
  "tokens": [
    "1",
    " ",
    "2",
    " ",
    "3",
    " ",
    "4",
    " ",
    "1",
    " ",
    "2",
    " ",
    "3",
    " ",
    "4",
    " ",
    "1",
    " ",
    "2",
    " ",
    "3"
  ],
  "processing_depth": [
    24.0,
    22.0,
    18.0,
    19.0,
    19.0,
    19.0,
    19.0,
    19.0,
    18.0,
    19.0,
    17.0,
    19.0,
    18.0,
    19.0,
    19.0,
    18.0,
    18.0,
    19.0,
    18.0,
    19.0,
    19.0
  ],
  "confidence": [
    0.11601875722408295,
    0.23111417889595032,
    0.6692085266113281,
    0.5500490069389343,
    0.6112658977508545,
    0.7221231460571289,
    0.781363844871521,
    0.8708372712135315,
    0.7647316455841064,
    0.6389437317848206,
    0.8925624489784241,
    0.8074603080749512,
    0.9134019613265991,
    0.8224369287490845,
    0.7361705899238586,
    0.7578792572021484,
    0.9042529463768005,
    0.9376229643821716,
    0.9447557330131531,
    0.9603046774864197,
    0.9658827781677246
  ],
  "metadata": {
    "n_layers": 24,
    "seq_len": 21,
    "has_attention": true,
    "has_routing": false
  }
}