{
  "prompt": "Megan called Thomas after he sent the address. The word 'he' refers to",
  "tokens": [
    "M",
    "egan",
    " called",
    " Thomas",
    " after",
    " he",
    " sent",
    " the",
    " address",
    ".",
    " The",
    " word",
    " '",
    "he",
    "'",
    " refers",
    " to"
  ],
  "processing_depth": [
    24.0,
    24.0,
    19.0,
    24.0,
    16.0,
    19.0,
    24.0,
    21.0,
    22.0,
    24.0,
    24.0,
    16.0,
    24.0,
    21.0,
    17.0,
    18.0,
    24.0
  ],
  "confidence": [
    0.04204091802239418,
    0.08326685428619385,
    0.150203675031662,
    0.10307437181472778,
    0.2767872214317322,
    0.24172662198543549,
    0.28185999393463135,
    0.09728118777275085,
    0.23381005227565765,
    0.1295911967754364,
    0.07312237471342087,
    0.2349730134010315,
    0.10046423971652985,
    0.8946754932403564,
    0.3949245810508728,
    0.9604563117027283,
    0.7755619883537292
  ],
  "metadata": {
    "n_layers": 24,
    "seq_len": 17,
    "has_attention": true,
    "has_routing": false
  }
}