{
  "prompt": "Olivia met Marcus after he finished the presentation. The word 'he' refers to",
  "tokens": [
    "Ol",
    "ivia",
    " met",
    " Marcus",
    " after",
    " he",
    " finished",
    " the",
    " presentation",
    ".",
    " The",
    " word",
    " '",
    "he",
    "'",
    " refers",
    " to"
  ],
  "processing_depth": [
    21.0,
    22.0,
    20.0,
    24.0,
    16.0,
    22.0,
    20.0,
    24.0,
    20.0,
    24.0,
    20.0,
    18.0,
    24.0,
    21.0,
    19.0,
    18.0,
    24.0
  ],
  "confidence": [
    0.3588448464870453,
    0.13651013374328613,
    0.19641275703907013,
    0.24994821846485138,
    0.4135510325431824,
    0.15114115178585052,
    0.3845413029193878,
    0.02608371339738369,
    0.336861789226532,
    0.17198634147644043,
    0.13187716901302338,
    0.293318510055542,
    0.06480854749679565,
    0.9624326229095459,
    0.4364111125469208,
    0.9271855354309082,
    0.5458052754402161
  ],
  "metadata": {
    "n_layers": 24,
    "seq_len": 17,
    "has_attention": true,
    "has_routing": false
  }
}