{
  "prompt": "The trophy would not fit in the suitcase because the suitcase was too small. The word 'small' refers to the",
  "tokens": [
    "The",
    " trophy",
    " would",
    " not",
    " fit",
    " in",
    " the",
    " suitcase",
    " because",
    " the",
    " suitcase",
    " was",
    " too",
    " small",
    ".",
    " The",
    " word",
    " '",
    "small",
    "'",
    " refers",
    " to",
    " the"
  ],
  "processing_depth": [
    21.0,
    21.0,
    18.0,
    24.0,
    19.0,
    18.0,
    20.0,
    24.0,
    24.0,
    24.0,
    20.0,
    20.0,
    18.0,
    18.0,
    20.0,
    22.0,
    16.0,
    22.0,
    22.0,
    18.0,
    18.0,
    15.0,
    18.0
  ],
  "confidence": [
    0.040526628494262695,
    0.14819064736366272,
    0.39985546469688416,
    0.33840101957321167,
    0.20039285719394684,
    0.6177566647529602,
    0.15452983975410461,
    0.12839022278785706,
    0.32480552792549133,
    0.18110953271389008,
    0.4933099150657654,
    0.44951385259628296,
    0.8909413814544678,
    0.23587225377559662,
    0.38952499628067017,
    0.08796640485525131,
    0.481079638004303,
    0.49237993359565735,
    0.9513363242149353,
    0.28893572092056274,
    0.9440845847129822,
    0.7247588634490967,
    0.39326733350753784
  ],
  "metadata": {
    "n_layers": 24,
    "seq_len": 23,
    "has_attention": true,
    "has_routing": false
  }
}