{
  "prompt": "Complete the city name in normal capitalization: san",
  "tokens": [
    "Complete",
    " the",
    " city",
    " name",
    " in",
    " normal",
    " capitalization",
    ":",
    " san"
  ],
  "processing_depth": [
    20.0,
    22.0,
    19.0,
    16.0,
    17.0,
    24.0,
    18.0,
    18.0,
    21.0
  ],
  "confidence": [
    0.09751047939062119,
    0.04619862139225006,
    0.21779665350914001,
    0.15576772391796112,
    0.5686706900596619,
    0.13649994134902954,
    0.1807490885257721,
    0.1943136304616928,
    0.13818088173866272
  ],
  "metadata": {
    "n_layers": 24,
    "seq_len": 9,
    "has_attention": true,
    "has_routing": false
  }
}