{
  "prompt": "Complete the name of the city: new",
  "tokens": [
    "Complete",
    " the",
    " name",
    " of",
    " the",
    " city",
    ":",
    " new"
  ],
  "processing_depth": [
    20.0,
    22.0,
    18.0,
    16.0,
    24.0,
    24.0,
    18.0,
    21.0
  ],
  "confidence": [
    0.09758979827165604,
    0.0486498661339283,
    0.49079152941703796,
    0.8332381844520569,
    0.015795448794960976,
    0.1812593638896942,
    0.20977851748466492,
    0.12954846024513245
  ],
  "metadata": {
    "n_layers": 24,
    "seq_len": 8,
    "has_attention": true,
    "has_routing": false
  }
}