{
  "prompt": "Daniel thanked Sophia because she found the missing file. The word 'she' refers to",
  "tokens": [
    "Daniel",
    " thanked",
    " Sophia",
    " because",
    " she",
    " found",
    " the",
    " missing",
    " file",
    ".",
    " The",
    " word",
    " '",
    "she",
    "'",
    " refers",
    " to"
  ],
  "processing_depth": [
    24.0,
    17.0,
    21.0,
    20.0,
    20.0,
    22.0,
    24.0,
    22.0,
    22.0,
    22.0,
    24.0,
    16.0,
    21.0,
    21.0,
    19.0,
    18.0,
    24.0
  ],
  "confidence": [
    0.04976985603570938,
    0.37753796577453613,
    0.5921459197998047,
    0.2885745167732239,
    0.3972526490688324,
    0.33976343274116516,
    0.052049215883016586,
    0.1048024445772171,
    0.23762351274490356,
    0.1604621708393097,
    0.10361525416374207,
    0.313822478055954,
    0.0720435082912445,
    0.9235336184501648,
    0.37262117862701416,
    0.9434800148010254,
    0.7186163067817688
  ],
  "metadata": {
    "n_layers": 24,
    "seq_len": 17,
    "has_attention": true,
    "has_routing": false
  }
}