{
  "prompt": "The mother picked up the child because she was strong enough to carry him. The word 'she' refers to the",
  "tokens": [
    "The",
    " mother",
    " picked",
    " up",
    " the",
    " child",
    " because",
    " she",
    " was",
    " strong",
    " enough",
    " to",
    " carry",
    " him",
    ".",
    " The",
    " word",
    " '",
    "she",
    "'",
    " refers",
    " to",
    " the"
  ],
  "processing_depth": [
    21.0,
    20.0,
    20.0,
    15.0,
    19.0,
    24.0,
    24.0,
    22.0,
    24.0,
    24.0,
    20.0,
    24.0,
    24.0,
    20.0,
    22.0,
    24.0,
    16.0,
    21.0,
    21.0,
    19.0,
    18.0,
    16.0,
    19.0
  ],
  "confidence": [
    0.040526628494262695,
    0.13641290366649628,
    0.5001497864723206,
    0.5089228749275208,
    0.07548948377370834,
    0.2817545533180237,
    0.29992300271987915,
    0.2996051609516144,
    0.09294410794973373,
    0.2131219357252121,
    0.4783443510532379,
    0.20234408974647522,
    0.22037507593631744,
    0.2595914900302887,
    0.2568330764770508,
    0.23111270368099213,
    0.3883974850177765,
    0.2298714518547058,
    0.9582504630088806,
    0.2960062325000763,
    0.938496470451355,
    0.6225942373275757,
    0.7616750001907349
  ],
  "metadata": {
    "n_layers": 24,
    "seq_len": 23,
    "has_attention": true,
    "has_routing": false
  }
}