{
  "prompt": "red blue green red blue green red blue",
  "tokens": [
    "red",
    " blue",
    " green",
    " red",
    " blue",
    " green",
    " red",
    " blue"
  ],
  "processing_depth": [
    17.0,
    21.0,
    21.0,
    21.0,
    21.0,
    24.0,
    21.0,
    21.0
  ],
  "confidence": [
    0.05445374920964241,
    0.07948464155197144,
    0.06836068630218506,
    0.28982311487197876,
    0.5467259883880615,
    0.29432010650634766,
    0.6775670051574707,
    0.7713371515274048
  ],
  "metadata": {
    "n_layers": 24,
    "seq_len": 8,
    "has_attention": true,
    "has_routing": false
  }
}