{
  "prompt": "sun moon star sun moon star sun moon",
  "tokens": [
    "sun",
    " moon",
    " star",
    " sun",
    " moon",
    " star",
    " sun",
    " moon"
  ],
  "processing_depth": [
    22.0,
    22.0,
    24.0,
    21.0,
    22.0,
    24.0,
    21.0,
    21.0
  ],
  "confidence": [
    0.12924936413764954,
    0.09553373605012894,
    0.0684289038181305,
    0.2716797888278961,
    0.40882688760757446,
    0.15586571395397186,
    0.5867353081703186,
    0.671184778213501
  ],
  "metadata": {
    "n_layers": 24,
    "seq_len": 8,
    "has_attention": true,
    "has_routing": false
  }
}