{
  "prompt": "The painting would not fit on the wall because the wall was too narrow. The word 'narrow' refers to the",
  "tokens": [
    "The",
    " painting",
    " would",
    " not",
    " fit",
    " on",
    " the",
    " wall",
    " because",
    " the",
    " wall",
    " was",
    " too",
    " narrow",
    ".",
    " The",
    " word",
    " '",
    "n",
    "arrow",
    "'",
    " refers",
    " to",
    " the"
  ],
  "processing_depth": [
    21.0,
    20.0,
    20.0,
    24.0,
    24.0,
    16.0,
    22.0,
    24.0,
    24.0,
    24.0,
    20.0,
    20.0,
    18.0,
    20.0,
    22.0,
    21.0,
    16.0,
    24.0,
    21.0,
    21.0,
    17.0,
    18.0,
    16.0,
    20.0
  ],
  "confidence": [
    0.040526628494262695,
    0.18963982164859772,
    0.22310462594032288,
    0.333214670419693,
    0.20188000798225403,
    0.6122835874557495,
    0.4096148908138275,
    0.12153767049312592,
    0.331962525844574,
    0.16562479734420776,
    0.5032014846801758,
    0.3475892245769501,
    0.6521366834640503,
    0.20311613380908966,
    0.2173176258802414,
    0.13996827602386475,
    0.3512955605983734,
    0.07760997861623764,
    0.9832390546798706,
    0.9682577848434448,
    0.2880980372428894,
    0.9484727382659912,
    0.5043047070503235,
    0.34574055671691895
  ],
  "metadata": {
    "n_layers": 24,
    "seq_len": 24,
    "has_attention": true,
    "has_routing": false
  }
}