{
  "prompt": "Natalie reminded Jacob that he needed to lock the door. The word 'he' refers to",
  "tokens": [
    "Natal",
    "ie",
    " reminded",
    " Jacob",
    " that",
    " he",
    " needed",
    " to",
    " lock",
    " the",
    " door",
    ".",
    " The",
    " word",
    " '",
    "he",
    "'",
    " refers",
    " to"
  ],
  "processing_depth": [
    21.0,
    21.0,
    21.0,
    20.0,
    16.0,
    20.0,
    16.0,
    17.0,
    17.0,
    17.0,
    20.0,
    24.0,
    22.0,
    16.0,
    21.0,
    20.0,
    24.0,
    18.0,
    24.0
  ],
  "confidence": [
    0.2949269115924835,
    0.0714801549911499,
    0.19521352648735046,
    0.5318345427513123,
    0.18380208313465118,
    0.24051596224308014,
    0.8498266935348511,
    0.1067444458603859,
    0.6237443685531616,
    0.3946601152420044,
    0.18711119890213013,
    0.33139219880104065,
    0.043366022408008575,
    0.38276350498199463,
    0.2763132154941559,
    0.8008213043212891,
    0.1956077665090561,
    0.9304130673408508,
    0.7849558591842651
  ],
  "metadata": {
    "n_layers": 24,
    "seq_len": 19,
    "has_attention": true,
    "has_routing": false
  }
}