{
  "prompt": "L2 N5 P8 L2 N5 P8 L2 N5",
  "tokens": [
    "L",
    "2",
    " N",
    "5",
    " P",
    "8",
    " L",
    "2",
    " N",
    "5",
    " P",
    "8",
    " L",
    "2",
    " N",
    "5"
  ],
  "processing_depth": [
    24.0,
    22.0,
    22.0,
    24.0,
    22.0,
    21.0,
    19.0,
    21.0,
    20.0,
    21.0,
    20.0,
    21.0,
    19.0,
    21.0,
    20.0,
    21.0
  ],
  "confidence": [
    0.06640169769525528,
    0.05244547873735428,
    0.07461531460285187,
    0.056937213987112045,
    0.19074225425720215,
    0.16718468070030212,
    0.18295614421367645,
    0.12615017592906952,
    0.368354856967926,
    0.26428261399269104,
    0.6052649617195129,
    0.3534320294857025,
    0.7950174808502197,
    0.7816022038459778,
    0.9555225372314453,
    0.8263944983482361
  ],
  "metadata": {
    "n_layers": 24,
    "seq_len": 16,
    "has_attention": true,
    "has_routing": false
  }
}