{
  "prompt": "The ball would not fit in the bag because the bag was too narrow. The word 'narrow' refers to the",
  "tokens": [
    "The",
    " ball",
    " would",
    " not",
    " fit",
    " in",
    " the",
    " bag",
    " because",
    " the",
    " bag",
    " was",
    " too",
    " narrow",
    ".",
    " The",
    " word",
    " '",
    "n",
    "arrow",
    "'",
    " refers",
    " to",
    " the"
  ],
  "processing_depth": [
    21.0,
    18.0,
    24.0,
    18.0,
    17.0,
    15.0,
    20.0,
    24.0,
    15.0,
    24.0,
    24.0,
    20.0,
    18.0,
    22.0,
    20.0,
    21.0,
    16.0,
    24.0,
    21.0,
    21.0,
    18.0,
    18.0,
    15.0,
    21.0
  ],
  "confidence": [
    0.040526628494262695,
    0.22819848358631134,
    0.2103496938943863,
    0.2646157741546631,
    0.20674528181552887,
    0.6778973340988159,
    0.22953826189041138,
    0.1522088348865509,
    0.4813659191131592,
    0.36231082677841187,
    0.432839959859848,
    0.4823513925075531,
    0.9101709723472595,
    0.231923446059227,
    0.5118890404701233,
    0.2434658408164978,
    0.46505045890808105,
    0.1205887645483017,
    0.9883241653442383,
    0.9736250042915344,
    0.26104259490966797,
    0.9626251459121704,
    0.5888968110084534,
    0.27428099513053894
  ],
  "metadata": {
    "n_layers": 24,
    "seq_len": 24,
    "has_attention": true,
    "has_routing": false
  }
}