{
  "prompt": "Fill in the blank with the correct verb form: 'The books on the shelf ___.' Answer:",
  "tokens": [
    "Fill",
    " in",
    " the",
    " blank",
    " with",
    " the",
    " correct",
    " verb",
    " form",
    ":",
    " '",
    "The",
    " books",
    " on",
    " the",
    " shelf",
    " ___",
    ".'",
    " Answer",
    ":"
  ],
  "processing_depth": [
    21.0,
    18.0,
    21.0,
    15.0,
    18.0,
    20.0,
    16.0,
    24.0,
    17.0,
    17.0,
    20.0,
    24.0,
    21.0,
    16.0,
    20.0,
    22.0,
    15.0,
    22.0,
    14.0,
    21.0
  ],
  "confidence": [
    0.07653561234474182,
    0.6400572657585144,
    0.12329763919115067,
    0.6455180644989014,
    0.6785228848457336,
    0.5353793501853943,
    0.3100157380104065,
    0.4417746067047119,
    0.43439143896102905,
    0.4592403471469879,
    0.16532979905605316,
    0.026982128620147705,
    0.1855938881635666,
    0.9125925302505493,
    0.7327446937561035,
    0.1949063390493393,
    0.41839078068733215,
    0.2856520116329193,
    0.7928799986839294,
    0.5302609205245972
  ],
  "metadata": {
    "n_layers": 24,
    "seq_len": 20,
    "has_attention": true,
    "has_routing": false
  }
}