{
  "num_heads": 64,
  "head_means": {
    "0": 6.686129519140296,
    "1": 6.714002551368645,
    "2": 6.71608730830485,
    "3": 6.692747351183142,
    "4": 6.721454432703063,
    "5": 6.697249328206656,
    "6": 6.637263899387714,
    "7": 6.646632021619654,
    "8": 6.650605239918352,
    "9": 6.662595562620684,
    "10": 6.697063362484591,
    "11": 6.684681253103514,
    "12": 6.689423049454086,
    "13": 6.747556834575436,
    "14": 6.769403696483803,
    "15": 6.752343554340769,
    "16": 6.630233019577442,
    "17": 6.706749816764689,
    "18": 6.674351448092946,
    "19": 6.699588626872153,
    "20": 6.608117519861683,
    "21": 6.68669239016405,
    "22": 6.7110128467061765,
    "23": 6.750110563421105,
    "24": 6.7327051807531255,
    "25": 6.662715741565787,
    "26": 6.696731856758965,
    "27": 6.651527350719941,
    "28": 6.685802839735213,
    "29": 6.6921001660456465,
    "30": 6.733309950330295,
    "31": 6.774562945670267,
    "32": 6.72757911128186,
    "33": 6.638833909010929,
    "34": 6.738825921421974,
    "35": 6.717190964474058,
    "36": 6.6633346317038455,
    "37": 6.60683354395183,
    "38": 6.628167543068735,
    "39": 6.6556642073167795,
    "40": 6.7053667969820605,
    "41": 6.676351228560735,
    "42": 6.645222956680097,
    "43": 6.752124518599077,
    "44": 6.683642930713379,
    "45": 6.732808704397434,
    "46": 6.684156436043041,
    "47": 6.722827753326985,
    "48": 6.643351643333315,
    "49": 6.688564790238161,
    "50": 6.6208007872854875,
    "51": 6.669200953115554,
    "52": 6.777553936065589,
    "53": 6.70575634306038,
    "54": 6.634195833683609,
    "55": 6.666463082484875,
    "56": 6.727865100020103,
    "57": 6.729431335866037,
    "58": 6.650999554073981,
    "59": 6.683034713179546,
    "60": 6.671457389201452,
    "61": 6.765311926655057,
    "62": 6.687781847990765,
    "63": 6.729402242554999
  },
  "overall_mean": 6.692057091629319,
  "overall_std": 0.041621066576234336,
  "overall_var": 0.0017323131829433311,
  "task_profiles": {
    "capitalization": {
      "head_means": [
        3.16456610916066,
        3.4108011501957662,
        3.1157614295661915,
        3.1712764351977967,
        3.38444303466531,
        3.3331154366314877,
        3.0113488376518944,
        2.8421175746043446,
        3.290634476172272,
        3.306314911620575,
        3.156092625344172,
        3.230473591989721,
        3.2914417905994924,
        3.4171290508966194,
        3.5256330389966024,
        3.2548918383254204,
        2.9407445042743348,
        3.450009971988038,
        3.167831425103941,
        3.313184426355292,
        3.1555612044612644,
        3.452389091195073,
        3.215079127898207,
        3.428172305750195,
        3.250320009479765,
        3.0773480917705456,
        3.3047197370033246,
        3.0748383354075486,
        3.1321810895460658,
        3.2898901049629785,
        3.4419092501630075,
        3.4123050751077244,
        3.5958440054528182,
        3.1343409513356164,
        3.317062337126117,
        3.1626900290866615,
        2.969814704876626,
        3.10226675827289,
        3.0541400011861697,
        3.2050565858662594,
        3.402074843936134,
        3.04799693467794,
        3.020751005751663,
        3.4677075614599744,
        3.060591281624511,
        3.2740210677147843,
        3.201982401238638,
        3.3118348459975095,
        3.2142408894724213,
        3.112441597651923,
        3.2435094151296653,
        3.159691466105869,
        3.652556509769056,
        3.3256434648646973,
        3.0733245728042675,
        3.185911411579582,
        3.3177982573834015,
        3.1481606278102845,
        3.208930856329971,
        3.2288512965023983,
        3.1105096602695994,
        3.322641536826268,
        3.351276028799475,
        3.3313852479477646
      ],
      "mean": 3.239493331827134,
      "std": 0.15673105989526473,
      "min": 2.8421175746043446,
      "max": 3.652556509769056
    },
    "coreference": {
      "head_means": [
        9.260390599568685,
        9.278215090433756,
        9.424943923950195,
        9.295994281768799,
        9.270140488942465,
        9.220716079076132,
        9.312778949737549,
        9.350125948588053,
        9.253802299499512,
        9.200314044952393,
        9.323369661966959,
        9.367934544881185,
        9.387290875116983,
        9.29089903831482,
        9.322428703308105,
        9.409459829330444,
        9.374991416931152,
        9.314013640085856,
        9.210416793823242,
        9.358346939086914,
        9.246692736943563,
        9.228403250376383,
        9.385789076487223,
        9.24741260210673,
        9.32599918047587,
        9.192341963450113,
        9.283242543538412,
        9.284965356191,
        9.24240001042684,
        9.202823718388876,
        9.30624500910441,
        9.331052780151367,
        9.159009138743082,
        9.298957745234171,
        9.288086493810018,
        9.30621608098348,
        9.354564189910889,
        9.199669996897379,
        9.318066438039144,
        9.295741399129232,
        9.306532780329386,
        9.35532808303833,
        9.339797496795654,
        9.258880774180094,
        9.448058366775513,
        9.310178597768148,
        9.288364092508951,
        9.407502174377441,
        9.230183204015097,
        9.365427335103353,
        9.25712251663208,
        9.25641926129659,
        9.311929305394491,
        9.25397793451945,
        9.26594591140747,
        9.300862471262613,
        9.35759981473287,
        9.340967257817587,
        9.250972191492716,
        9.220053831736246,
        9.290183146794638,
        9.414465745290121,
        9.272097826004028,
        9.278990745544434
      ],
      "mean": 9.298532714446385,
      "std": 0.06184062697296577,
      "min": 9.159009138743082,
      "max": 9.448058366775513
    },
    "induction": {
      "head_means": [
        6.516215413808823,
        6.44244384765625,
        6.48460778594017,
        6.501047611236572,
        6.478445589542389,
        6.486716210842133,
        6.443585142493248,
        6.521268799901009,
        6.378192827105522,
        6.437447026371956,
        6.497819006443024,
        6.399345114827156,
        6.365012809634209,
        6.505264073610306,
        6.476520270109177,
        6.508232206106186,
        6.416408479213715,
        6.37967187166214,
        6.525562450289726,
        6.398721992969513,
        6.355464264750481,
        6.397560894489288,
        6.452897533774376,
        6.53810316324234,
        6.528927266597748,
        6.558179900050163,
        6.4528549015522,
        6.464793354272842,
        6.545165836811066,
        6.510162532329559,
        6.449309006333351,
        6.5383245050907135,
        6.469874143600464,
        6.395987510681152,
        6.53776228427887,
        6.55267259478569,
        6.4916724264621735,
        6.414489597082138,
        6.397757142782211,
        6.400910124182701,
        6.40613828599453,
        6.481295734643936,
        6.436528027057648,
        6.514265805482864,
        6.421857178211212,
        6.529175102710724,
        6.47208771109581,
        6.41481839120388,
        6.417783349752426,
        6.468979477882385,
        6.332205176353455,
        6.483541965484619,
        6.439271122217178,
        6.484646588563919,
        6.440818905830383,
        6.4309393763542175,
        6.460597485303879,
        6.561414748430252,
        6.422054424881935,
        6.507362082600594,
        6.487886935472488,
        6.499781757593155,
        6.417797774076462,
        6.516219362616539
      ],
      "mean": 6.463482254417613,
      "std": 0.05458991890138899,
      "min": 6.332205176353455,
      "max": 6.561414748430252
    }
  },
  "neurips_comparison": {
    "gpt_oss_20b_std": 0.041621066576234336,
    "neurips_control_std": 0.08,
    "neurips_pls_std": 0.47,