{
  "prompt": "The keys to the cabinet are on the table, so they",
  "tokens": [
    "The",
    " keys",
    " to",
    " the",
    " cabinet",
    " are",
    " on",
    " the",
    " table",
    ",",
    " so",
    " they"
  ],
  "processing_depth": [
    21.0,
    20.0,
    24.0,
    21.0,
    20.0,
    24.0,
    17.0,
    21.0,
    22.0,
    16.0,
    20.0,
    18.0
  ],
  "confidence": [
    0.04045209288597107,
    0.21166788041591644,
    0.1340986043214798,
    0.028899744153022766,
    0.47513848543167114,
    0.11618387699127197,
    0.817806601524353,
    0.21552205085754395,
    0.30368751287460327,
    0.20833228528499603,
    0.16618768870830536,
    0.2366674542427063
  ],
  "metadata": {
    "n_layers": 24,
    "seq_len": 12,
    "has_attention": true,
    "has_routing": false
  }
}