{
  "prompt": "Complete the title in normal title case: the lord of the",
  "tokens": [
    "Complete",
    " the",
    " title",
    " in",
    " normal",
    " title",
    " case",
    ":",
    " the",
    " lord",
    " of",
    " the"
  ],
  "processing_depth": [
    20.0,
    22.0,
    22.0,
    16.0,
    24.0,
    21.0,
    19.0,
    17.0,
    22.0,
    20.0,
    19.0,
    20.0
  ],
  "confidence": [
    0.09751047939062119,
    0.04619862139225006,
    0.1867729276418686,
    0.4055192172527313,
    0.13247449696063995,
    0.8676238059997559,
    0.08624289929866791,
    0.27173250913619995,
    0.05302617326378822,
    0.30800512433052063,
    0.7548998594284058,
    0.4291461706161499
  ],
  "metadata": {
    "n_layers": 24,
    "seq_len": 12,
    "has_attention": true,
    "has_routing": false
  }
}