{
  "prompt": "John called Mary and told her about the meeting. The word 'her' refers to",
  "tokens": [
    "John",
    " called",
    " Mary",
    " and",
    " told",
    " her",
    " about",
    " the",
    " meeting",
    ".",
    " The",
    " word",
    " '",
    "her",
    "'",
    " refers",
    " to"
  ],
  "processing_depth": [
    21.0,
    20.0,
    22.0,
    24.0,
    20.0,
    24.0,
    16.0,
    24.0,
    22.0,
    21.0,
    21.0,
    22.0,
    24.0,
    20.0,
    20.0,
    18.0,
    21.0
  ],
  "confidence": [
    0.4949386417865753,
    0.11305677145719528,
    0.12262392044067383,
    0.13266915082931519,
    0.7787743806838989,
    0.3448581397533417,
    0.6925181746482849,
    0.08191545307636261,
    0.25306782126426697,
    0.23954086005687714,
    0.3977046012878418,
    0.34425193071365356,
    0.23784612119197845,
    0.9750127792358398,
    0.35070961713790894,
    0.926113486289978,
    0.7427780032157898
  ],
  "metadata": {
    "n_layers": 24,
    "seq_len": 17,
    "has_attention": true,
    "has_routing": false
  }
}