{
  "prompt": "Complete the title in normal title case: game of",
  "tokens": [
    "Complete",
    " the",
    " title",
    " in",
    " normal",
    " title",
    " case",
    ":",
    " game",
    " of"
  ],
  "processing_depth": [
    20.0,
    22.0,
    22.0,
    16.0,
    24.0,
    21.0,
    19.0,
    17.0,
    22.0,
    19.0
  ],
  "confidence": [
    0.09751047939062119,
    0.04619862139225006,
    0.1867729276418686,
    0.4055192172527313,
    0.13247449696063995,
    0.8648771643638611,
    0.08830458670854568,
    0.27093052864074707,
    0.058824025094509125,
    0.10468163341283798
  ],
  "metadata": {
    "n_layers": 24,
    "seq_len": 10,
    "has_attention": true,
    "has_routing": false
  }
}