{
  "prompt": "Alice gave her old laptop to Bob. The word 'her' refers to",
  "tokens": [
    "Alice",
    " gave",
    " her",
    " old",
    " laptop",
    " to",
    " Bob",
    ".",
    " The",
    " word",
    " '",
    "her",
    "'",
    " refers",
    " to"
  ],
  "processing_depth": [
    21.0,
    22.0,
    16.0,
    21.0,
    20.0,
    21.0,
    24.0,
    22.0,
    24.0,
    19.0,
    21.0,
    20.0,
    19.0,
    18.0,
    21.0
  ],
  "confidence": [
    0.5313857793807983,
    0.18453872203826904,
    0.2888350784778595,
    0.06073800101876259,
    0.6205952167510986,
    0.23589733242988586,
    0.1717091053724289,
    0.3173510730266571,
    0.2157066911458969,
    0.42323145270347595,
    0.2669144868850708,
    0.9844785928726196,
    0.3192494511604309,
    0.9419929385185242,
    0.40394750237464905
  ],
  "metadata": {
    "n_layers": 24,
    "seq_len": 15,
    "has_attention": true,
    "has_routing": false
  }
}