{
  "prompt": "A7 B2 C9 D4 A7 B2 C9",
  "tokens": [
    "A",
    "7",
    " B",
    "2",
    " C",
    "9",
    " D",
    "4",
    " A",
    "7",
    " B",
    "2",
    " C",
    "9"
  ],
  "processing_depth": [
    24.0,
    17.0,
    21.0,
    17.0,
    20.0,
    24.0,
    24.0,
    21.0,
    21.0,
    21.0,
    19.0,
    21.0,
    19.0,
    21.0
  ],
  "confidence": [
    0.04106263816356659,
    0.08731116354465485,
    0.16990375518798828,
    0.4715019464492798,
    0.23196038603782654,
    0.26408496499061584,
    0.13115261495113373,
    0.4361960291862488,
    0.16526898741722107,
    0.3086109757423401,
    0.598478376865387,
    0.6582955121994019,
    0.8994951248168945,
    0.8029339909553528
  ],
  "metadata": {
    "n_layers": 24,
    "seq_len": 14,
    "has_attention": true,
    "has_routing": false
  }
}