{"1": 0.00012, "2": 0.00188, "3": 0.00102, "4": 0.00175, "5": 0.00014, "6": 0.00175, "7": 0.00058, "8": 0.00149, "9": 0.00184, "10": 0.00128, "11": 0.00088, "12": 0.0004, "13": 0.00365, "14": 0.00729, "15": 0.01555, "16": 0.01949, "17": 0.01545, "18": 0.00853, "19": 0.00259, "20": 0.00178, "21": 0.0003, "22": 0.00176, "23": 0.00199}