{"0": 0.000256, "1": 0.000128, "2": 0.000152, "3": 0.000132, "4": 0.000207, "5": 0.000209, "6": 0.000122, "7": 0.000185, "8": 0.000284, "9": 0.000262, "10": 0.000157, "11": 0.000274, "12": 0.000195, "13": 0.000236, "14": 0.000225, "15": 0.000273, "16": 0.000687, "17": 0.002044, "18": 0.004272, "19": 0.006932, "20": 0.00821, "21": 0.006996, "22": 0.004358, "23": 0.00208}