{
  "prompt": "Complete the country name: united",
  "tokens": [
    "Complete",
    " the",
    " country",
    " name",
    ":",
    " united"
  ],
  "processing_depth": [
    20.0,
    22.0,
    19.0,
    18.0,
    17.0,
    20.0
  ],
  "confidence": [
    0.0977836400270462,
    0.045942362397909164,
    0.23796460032463074,
    0.09422603249549866,
    0.1528681516647339,
    0.24371924996376038
  ],
  "metadata": {
    "n_layers": 24,
    "seq_len": 6,
    "has_attention": true,
    "has_routing": false
  }
}