{
  "prompt": "amber teal silver amber teal silver amber teal",
  "tokens": [
    "amber",
    " teal",
    " silver",
    " amber",
    " teal",
    " silver",
    " amber",
    " teal"
  ],
  "processing_depth": [
    19.0,
    18.0,
    24.0,
    22.0,
    21.0,
    21.0,
    21.0,
    21.0
  ],
  "confidence": [
    0.05852600932121277,
    0.16726289689540863,
    0.0743820071220398,
    0.04962824657559395,
    0.08692445605993271,
    0.10082028061151505,
    0.40844619274139404,
    0.6931793689727783
  ],
  "metadata": {
    "n_layers": 24,
    "seq_len": 8,
    "has_attention": true,
    "has_routing": false
  }
}