{
  "prompt": "Fill in the blank with the correct verb form: 'The dog behind the fences ___.' Answer:",
  "tokens": [
    "Fill",
    " in",
    " the",
    " blank",
    " with",
    " the",
    " correct",
    " verb",
    " form",
    ":",
    " '",
    "The",
    " dog",
    " behind",
    " the",
    " fences",
    " ___",
    ".'",
    " Answer",
    ":"
  ],
  "processing_depth": [
    21.0,
    18.0,
    21.0,
    15.0,
    18.0,
    20.0,
    16.0,
    24.0,
    17.0,
    17.0,
    20.0,
    24.0,
    18.0,
    18.0,
    24.0,
    24.0,
    15.0,
    22.0,
    14.0,
    21.0
  ],
  "confidence": [
    0.07653561234474182,
    0.6400572657585144,
    0.12329763919115067,
    0.6455180644989014,
    0.6785228848457336,
    0.5353793501853943,
    0.3100157380104065,
    0.4417746067047119,
    0.43439143896102905,
    0.4592403471469879,
    0.16532979905605316,
    0.026982128620147705,
    0.1789979189634323,
    0.6752734780311584,
    0.1278829425573349,
    0.1563768833875656,
    0.296517550945282,
    0.37528252601623535,
    0.730069100856781,
    0.5798932909965515
  ],
  "metadata": {
    "n_layers": 24,
    "seq_len": 20,
    "has_attention": true,
    "has_routing": false
  }
}