{
  "prompt": "The teacher praised the student because the student got every answer right. Later, the teacher said he would recommend the student for the award. The word 'he' refers to the",
  "tokens": [
    "The",
    " teacher",
    " praised",
    " the",
    " student",
    " because",
    " the",
    " student",
    " got",
    " every",
    " answer",
    " right",
    ".",
    " Later",
    ",",
    " the",
    " teacher",
    " said",
    " he",
    " would",
    " recommend",
    " the",
    " student",
    " for",
    " the",
    " award",
    ".",
    " The",
    " word",
    " '",
    "he",
    "'",
    " refers",
    " to",
    " the"
  ],
  "processing_depth": [
    21.0,
    18.0,
    16.0,
    24.0,
    20.0,
    18.0,
    20.0,
    20.0,
    21.0,
    22.0,
    21.0,
    20.0,
    21.0,
    15.0,
    18.0,
    24.0,
    22.0,
    19.0,
    22.0,
    22.0,
    18.0,
    24.0,
    19.0,
    21.0,
    21.0,
    20.0,
    18.0,
    24.0,
    24.0,
    24.0,
    20.0,
    20.0,
    18.0,
    19.0,
    21.0
  ],
  "confidence": [
    0.040599796921014786,
    0.08233562111854553,
    0.6395017504692078,
    0.273829847574234,
    0.7289631962776184,
    0.33744555711746216,
    0.8406314849853516,
    0.3749876320362091,
    0.3097103238105774,
    0.2267436683177948,
    0.43502697348594666,
    0.2611871063709259,
    0.27855485677719116,
    0.669015645980835,
    0.5098142623901367,
    0.4711254835128784,
    0.09148916602134705,
    0.3021620810031891,
    0.2764491140842438,
    0.11387549340724945,
    0.2959435284137726,
    0.4279153048992157,
    0.5001774430274963,
    0.4097805321216583,
    0.23596589267253876,
    0.2732722759246826,
    0.29723912477493286,
    0.31434792280197144,
    0.181795135140419,
    0.1542077660560608,
    0.9603442549705505,
    0.2518938183784485,
    0.946000337600708,
    0.5204064846038818,
    0.8015347719192505
  ],
  "metadata": {
    "n_layers": 24,
    "seq_len": 35,
    "has_attention": true,
    "has_routing": false
  }
}