{
  "prompt": "Fill in the blank with the correct verb form: 'The child near the tall trees ___.' Answer:",
  "tokens": [
    "Fill",
    " in",
    " the",
    " blank",
    " with",
    " the",
    " correct",
    " verb",
    " form",
    ":",
    " '",
    "The",
    " child",
    " near",
    " the",
    " tall",
    " trees",
    " ___",
    ".'",
    " Answer",
    ":"
  ],
  "processing_depth": [
    22.0,
    18.0,
    21.0,
    15.0,
    18.0,
    20.0,
    16.0,
    24.0,
    17.0,
    17.0,
    20.0,
    24.0,
    17.0,
    18.0,
    24.0,
    21.0,
    22.0,
    16.0,
    22.0,
    14.0,
    21.0
  ],
  "confidence": [
    0.07692673057317734,
    0.6348643898963928,
    0.10966957360506058,
    0.6444459557533264,
    0.6784791946411133,
    0.5313042998313904,
    0.304257333278656,
    0.444102942943573,
    0.43528297543525696,
    0.45932477712631226,
    0.1662258803844452,
    0.026642940938472748,
    0.17910629510879517,
    0.7745065093040466,
    0.03244730085134506,
    0.18923138082027435,
    0.17880286276340485,
    0.31011855602264404,
    0.34786397218704224,
    0.8019148111343384,
    0.568337619304657
  ],
  "metadata": {
    "n_layers": 24,
    "seq_len": 21,
    "has_attention": true,
    "has_routing": false
  }
}