{
  "prompt": "oak pine cedar oak pine cedar oak pine",
  "tokens": [
    "oak",
    " pine",
    " cedar",
    " oak",
    " pine",
    " cedar",
    " oak",
    " pine"
  ],
  "processing_depth": [
    17.0,
    24.0,
    22.0,
    21.0,
    21.0,
    21.0,
    21.0,
    21.0
  ],
  "confidence": [
    0.0446663498878479,
    0.13022761046886444,
    0.05465211346745491,
    0.27255988121032715,
    0.36158835887908936,
    0.443912148475647,
    0.7055033445358276,
    0.5588575005531311
  ],
  "metadata": {
    "n_layers": 24,
    "seq_len": 8,
    "has_attention": true,
    "has_routing": false
  }
}